,RMSE Mean,RMSE Std,R² Mean,R² Std
Random Forest,51.468975907885486,1.2904846918642285,0.9414171624795887,0.0038437042298805004
SVR,94.05340593768851,3.34144092788129,0.8046663958939568,0.010113361505188458
XGBoost,52.52339850102565,1.9886034357107958,0.9389526922794189,0.005094021802505351
